timestamp;nb_velos;temperature;precipitation;hour;day_of_week;is_weekend;is_rush_hour;month;is_raining;rain_intensity;temp_category
2022-04-01 00:00:00;3607;7.3980263157894735;0.10000000149011612;0;5;0;0;4;1;light;cool
2022-04-01 01:00:00;1762;6.958333333333333;0.0;1;5;0;0;4;0;no_rain;cool
2022-04-01 02:00:00;1207;6.493589743589744;0.10000000149011612;2;5;0;0;4;1;light;cool
2022-04-01 03:00:00;878;4.5082236842105265;0.18252427572185553;3;5;0;0;4;1;light;cold
2022-04-01 04:00:00;652;2.695723684210526;0.1714953304938624;4;5;0;0;4;1;light;cold
2022-04-01 05:00:00;885;2.10625;0.15500000279683332;5;5;0;0;4;1;light;cold
2022-04-01 06:00:00;2315;1.5480769230769231;0.16033898617251444;6;5;0;0;4;1;light;cold
2022-04-01 07:00:00;9696;1.3658088235294117;0.14008439052457045;7;5;0;1;4;1;light;cold
2022-04-01 08:00:00;21176;1.5135135135135136;0.12518518716096877;8;5;0;1;4;1;light;cold
2022-04-01 09:00:00;11340;1.8597972972972974;0.10000000149011612;9;5;0;1;4;1;light;cold
2022-04-01 10:00:00;6401;2.135135135135135;0.1793103482702683;10;5;0;0;4;1;light;cold
2022-04-01 11:00:00;7415;2.2934027777777777;0.20740741077396604;11;5;0;0;4;1;moderate;cold
2022-04-01 12:00:00;11734;2.4425675675675675;0.12307692491091214;12;5;0;0;4;1;light;cold
2022-04-01 13:00:00;10602;2.46875;0.11428571598870414;13;5;0;0;4;1;light;cold
2022-04-01 14:00:00;8518;2.5;0.10000000149011612;14;5;0;0;4;1;light;cold
2022-04-01 15:00:00;8810;2.5364583333333335;0.22500000428408384;15;5;0;0;4;1;moderate;cold
2022-04-01 16:00:00;13040;3.3784722222222223;0.5571428697024073;16;5;0;0;4;1;heavy;cold
2022-04-01 17:00:00;20039;3.8784722222222223;0.0;17;5;0;1;4;0;no_rain;cold
2022-04-01 18:00:00;18692;4.070945945945946;0.0;18;5;0;1;4;0;no_rain;cold
2022-04-01 19:00:00;14181;3.8817567567567566;0.20000000298023224;19;5;0;1;4;1;moderate;cold
2022-04-01 20:00:00;9144;3.6546875;0.30000001192092896;20;5;0;0;4;1;moderate;cold
2022-04-01 21:00:00;5219;3.1107954545454546;0.22622951223957735;21;5;0;0;4;1;moderate;cold
2022-04-01 22:00:00;3760;1.329268292682927;0.15201794008636688;22;5;0;0;4;1;light;cold
2022-04-01 23:00:00;3557;1.3125;0.10787878948630708;23;5;0;0;4;1;light;cold
2022-04-02 00:00:00;2513;1.4214285714285715;0.10604395762413413;0;6;1;0;4;1;light;cold
2022-04-02 01:00:00;1694;1.5533088235294117;0.10447761349713625;1;6;1;0;4;1;light;cold
2022-04-02 02:00:00;1556;1.4410714285714286;0.10158730310107035;2;6;1;0;4;1;light;cold
2022-04-02 03:00:00;1193;1.0422794117647058;0.1011363651434129;3;6;1;0;4;1;light;cold
2022-04-02 04:00:00;1042;0.8267857142857142;0.10000000149011612;4;6;1;0;4;1;light;cold
2022-04-02 05:00:00;663;0.6711309523809523;0.10000000149011612;5;6;1;0;4;1;light;cold
2022-04-02 06:00:00;831;0.5655487804878049;0.10000000149011612;6;6;1;0;4;1;light;cold
2022-04-02 07:00:00;1377;0.2944078947368421;0.10000000149011612;7;6;1;1;4;1;light;cold
2022-04-02 08:00:00;2936;0.3108108108108108;0.10000000149011612;8;6;1;1;4;1;light;cold
2022-04-02 09:00:00;4598;0.6783088235294118;0.10204081784705726;9;6;1;1;4;1;light;cold
2022-04-02 10:00:00;5146;1.0606617647058822;0.12105263361805364;10;6;1;0;4;1;light;cold
2022-04-02 11:00:00;6244;1.5625;0.11951219690282171;11;6;1;0;4;1;light;cold
2022-04-02 12:00:00;7058;2.035060975609756;0.13333333532015482;12;6;1;0;4;1;light;cold
2022-04-02 13:00:00;6533;2.4598214285714284;0.0;13;6;1;0;4;0;no_rain;cold
2022-04-02 14:00:00;7281;2.567073170731707;0.10000000149011612;14;6;1;0;4;1;light;cold
2022-04-02 15:00:00;8840;3.125;0.10000000149011612;15;6;1;0;4;1;light;cold
2022-04-02 16:00:00;9945;3.323717948717949;0.10000000149011612;16;6;1;0;4;1;light;cold
2022-04-02 17:00:00;9991;3.310810810810811;0.0;17;6;1;1;4;0;no_rain;cold
2022-04-02 18:00:00;8939;3.2586805555555554;0.0;18;6;1;1;4;0;no_rain;cold
2022-04-02 19:00:00;8426;2.689236111111111;0.10000000149011612;19;6;1;1;4;1;light;cold
2022-04-02 20:00:00;5770;2.2135416666666665;0.10000000149011612;20;6;1;0;4;1;light;cold
2022-04-02 21:00:00;3505;2.21875;0.0;21;6;1;0;4;0;no_rain;cold
2022-04-02 22:00:00;2975;2.2099358974358974;0.0;22;6;1;0;4;0;no_rain;cold
2022-04-02 23:00:00;2969;2.207720588235294;0.10000000149011612;23;6;1;0;4;1;light;cold
2022-04-03 00:00:00;2548;1.8175675675675675;0.10000000149011612;0;7;1;0;4;1;light;cold
2022-04-03 01:00:00;2467;1.5168918918918919;0.0;1;7;1;0;4;0;no_rain;cold
2022-04-03 02:00:00;1884;1.0607142857142857;0.0;2;7;1;0;4;0;no_rain;cold
2022-04-03 03:00:00;1734;0.9746621621621622;0.0;3;7;1;0;4;0;no_rain;cold
2022-04-03 04:00:00;1235;1.138719512195122;0.0;4;7;1;0;4;0;no_rain;cold
2022-04-03 05:00:00;910;1.189102564102564;0.0;5;7;1;0;4;0;no_rain;cold
2022-04-03 06:00:00;875;1.0;0.0;6;7;1;0;4;0;no_rain;cold
2022-04-03 07:00:00;1053;0.907051282051282;0.0;7;7;1;1;4;0;no_rain;cold
2022-04-03 08:00:00;2368;1.055921052631579;0.0;8;7;1;1;4;0;no_rain;cold
2022-04-03 09:00:00;4283;1.3470394736842106;0.0;9;7;1;1;4;0;no_rain;cold
2022-04-03 10:00:00;6656;1.859375;0.0;10;7;1;0;4;0;no_rain;cold
2022-04-03 11:00:00;8396;2.8125;0.0;11;7;1;0;4;0;no_rain;cold
2022-04-03 12:00:00;9209;3.83125;0.0;12;7;1;0;4;0;no_rain;cold
2022-04-03 13:00:00;7880;4.5640625;0.0;13;7;1;0;4;0;no_rain;cold
2022-04-03 14:00:00;9033;5.315625;0.0;14;7;1;0;4;0;no_rain;cool
2022-04-03 15:00:00;10894;5.516447368421052;0.0;15;7;1;0;4;0;no_rain;cool
2022-04-03 16:00:00;11234;5.458841463414634;0.0;16;7;1;0;4;0;no_rain;cool
2022-04-03 17:00:00;10403;5.637784090909091;0.0;17;7;1;1;4;0;no_rain;cool
2022-04-03 18:00:00;9775;5.530487804878049;0.0;18;7;1;1;4;0;no_rain;cool
2022-04-03 19:00:00;8212;5.065476190476191;0.0;19;7;1;1;4;0;no_rain;cool
2022-04-03 20:00:00;5156;4.528846153846154;0.0;20;7;1;0;4;0;no_rain;cold
2022-04-03 21:00:00;3771;4.0823170731707314;0.0;21;7;1;0;4;0;no_rain;cold
2022-04-03 22:00:00;2479;3.7203947368421053;0.0;22;7;1;0;4;0;no_rain;cold
2022-04-03 23:00:00;1596;3.3338815789473686;0.0;23;7;1;0;4;0;no_rain;cold
2022-04-04 00:00:00;1000;3.0328947368421053;0.0;0;1;0;0;4;0;no_rain;cold
2022-04-04 01:00:00;541;2.8253205128205128;0.0;1;1;0;0;4;0;no_rain;cold
2022-04-04 02:00:00;225;2.5902777777777777;0.0;2;1;0;0;4;0;no_rain;cold
2022-04-04 03:00:00;292;2.3531976744186047;0.0;3;1;0;0;4;0;no_rain;cold
2022-04-04 04:00:00;458;2.138392857142857;0.0;4;1;0;0;4;0;no_rain;cold
2022-04-04 05:00:00;1033;1.8531976744186047;0.0;5;1;0;0;4;0;no_rain;cold
2022-04-04 06:00:00;3468;1.546474358974359;0.0;6;1;0;0;4;0;no_rain;cold
2022-04-04 07:00:00;15545;1.3700657894736843;0.0;7;1;0;1;4;0;no_rain;cold
2022-04-04 08:00:00;38479;1.962171052631579;0.0;8;1;0;1;4;0;no_rain;cold
2022-04-04 09:00:00;15299;3.307926829268293;0.0;9;1;0;1;4;0;no_rain;cold
2022-04-04 10:00:00;6586;4.569940476190476;0.0;10;1;0;0;4;0;no_rain;cold
2022-04-04 11:00:00;7974;5.675872093023256;0.0;11;1;0;0;4;0;no_rain;cool
2022-04-04 12:00:00;12721;6.524390243902439;0.0;12;1;0;0;4;0;no_rain;cool
2022-04-04 13:00:00;12757;7.451704545454546;0.0;13;1;0;0;4;0;no_rain;cool
2022-04-04 14:00:00;9998;8.379807692307692;0.0;14;1;0;0;4;0;no_rain;cool
2022-04-04 15:00:00;10451;8.967105263157896;0.0;15;1;0;0;4;0;no_rain;cool
2022-04-04 16:00:00;15414;9.56081081081081;0.0;16;1;0;0;4;0;no_rain;cool
2022-04-04 17:00:00;29659;9.945512820512821;0.0;17;1;0;1;4;0;no_rain;cool
2022-04-04 18:00:00;34870;10.084935897435898;0.0;18;1;0;1;4;0;no_rain;mild
2022-04-04 19:00:00;22151;9.722560975609756;0.0;19;1;0;1;4;0;no_rain;cool
2022-04-04 20:00:00;11333;8.8265625;0.0;20;1;0;0;4;0;no_rain;cool
2022-04-04 21:00:00;6644;7.804878048780488;0.0;21;1;0;0;4;0;no_rain;cool
2022-04-04 22:00:00;5180;6.891447368421052;0.0;22;1;0;0;4;0;no_rain;cool
2022-04-04 23:00:00;3030;5.977134146341464;0.0;23;1;0;0;4;0;no_rain;cool
2022-04-05 00:00:00;1552;5.141025641025641;0.0;0;2;0;0;4;0;no_rain;cool
2022-04-05 01:00:00;722;4.083333333333333;0.0;1;2;0;0;4;0;no_rain;cold
2022-04-05 02:00:00;377;3.4913194444444446;0.0;2;2;0;0;4;0;no_rain;cold
2022-04-05 03:00:00;372;3.1607142857142856;0.0;3;2;0;0;4;0;no_rain;cold
2022-04-05 04:00:00;493;3.4599358974358974;0.0;4;2;0;0;4;0;no_rain;cold
2022-04-05 05:00:00;1082;3.4851190476190474;0.0;5;2;0;0;4;0;no_rain;cold
2022-04-05 06:00:00;3930;3.747159090909091;0.10000000149011612;6;2;0;0;4;1;light;cold
2022-04-05 07:00:00;18578;3.8154761904761907;0.0;7;2;0;1;4;0;no_rain;cold
2022-04-05 08:00:00;42282;4.299679487179487;0.0;8;2;0;1;4;0;no_rain;cold
2022-04-05 09:00:00;17554;5.639802631578948;0.0;9;2;0;1;4;0;no_rain;cool
2022-04-05 10:00:00;8523;7.391071428571428;0.10000000149011612;10;2;0;0;4;1;light;cool
2022-04-05 11:00:00;9674;9.652027027027026;0.0;11;2;0;0;4;0;no_rain;cool
2022-04-05 12:00:00;14739;11.303779069767442;0.0;12;2;0;0;4;0;no_rain;mild
2022-04-05 13:00:00;14452;12.375;0.0;13;2;0;0;4;0;no_rain;mild
2022-04-05 14:00:00;11210;13.191761363636363;0.0;14;2;0;0;4;0;no_rain;mild
2022-04-05 15:00:00;12021;13.768465909090908;0.0;15;2;0;0;4;0;no_rain;mild
2022-04-05 16:00:00;17526;14.065340909090908;0.0;16;2;0;0;4;0;no_rain;mild
2022-04-05 17:00:00;32557;14.710365853658537;0.0;17;2;0;1;4;0;no_rain;mild
2022-04-05 18:00:00;38471;14.610197368421053;0.0;18;2;0;1;4;0;no_rain;mild
2022-04-05 19:00:00;26268;14.080357142857142;0.0;19;2;0;1;4;0;no_rain;mild
2022-04-05 20:00:00;13669;12.946180555555555;0.0;20;2;0;0;4;0;no_rain;mild
2022-04-05 21:00:00;7878;11.821428571428571;0.0;21;2;0;0;4;0;no_rain;mild
2022-04-05 22:00:00;6991;11.00173611111111;0.0;22;2;0;0;4;0;no_rain;mild
2022-04-05 23:00:00;4922;10.359797297297296;0.0;23;2;0;0;4;0;no_rain;mild
2022-04-06 00:00:00;2287;9.963815789473685;0.0;0;3;0;0;4;0;no_rain;cool
2022-04-06 01:00:00;1050;10.261627906976743;0.0;1;3;0;0;4;0;no_rain;mild
2022-04-06 02:00:00;609;10.452380952380953;0.0;2;3;0;0;4;0;no_rain;mild
2022-04-06 03:00:00;471;10.302884615384615;0.0;3;3;0;0;4;0;no_rain;mild
2022-04-06 04:00:00;615;10.182291666666666;0.0;4;3;0;0;4;0;no_rain;mild
2022-04-06 05:00:00;1156;10.092105263157896;0.0;5;3;0;0;4;0;no_rain;mild
2022-04-06 06:00:00;3945;9.987847222222221;0.0;6;3;0;0;4;0;no_rain;cool
2022-04-06 07:00:00;17257;9.9875;0.0;7;3;0;1;4;0;no_rain;cool
2022-04-06 08:00:00;35861;10.163602941176471;0.0;8;3;0;1;4;0;no_rain;mild
2022-04-06 09:00:00;16836;10.715073529411764;0.0;9;3;0;1;4;0;no_rain;mild
2022-04-06 10:00:00;9244;11.394736842105264;0.0;10;3;0;0;4;0;no_rain;mild
2022-04-06 11:00:00;9922;11.912202380952381;0.0;11;3;0;0;4;0;no_rain;mild
2022-04-06 12:00:00;15908;12.32703488372093;0.0;12;3;0;0;4;0;no_rain;mild
2022-04-06 13:00:00;14329;12.754934210526315;0.0;13;3;0;0;4;0;no_rain;mild
2022-04-06 14:00:00;11602;13.394736842105264;0.0;14;3;0;0;4;0;no_rain;mild
2022-04-06 15:00:00;12180;14.292279411764707;0.0;15;3;0;0;4;0;no_rain;mild
2022-04-06 16:00:00;16414;14.881756756756756;0.0;16;3;0;0;4;0;no_rain;mild
2022-04-06 17:00:00;28154;15.170608108108109;0.0;17;3;0;1;4;0;no_rain;warm
2022-04-06 18:00:00;33695;15.185855263157896;0.0;18;3;0;1;4;0;no_rain;warm
2022-04-06 19:00:00;23510;14.84046052631579;0.0;19;3;0;1;4;0;no_rain;mild
2022-04-06 20:00:00;12283;14.161764705882353;0.0;20;3;0;0;4;0;no_rain;mild
2022-04-06 21:00:00;7490;13.70357142857143;0.0;21;3;0;0;4;0;no_rain;mild
2022-04-06 22:00:00;7484;13.5;0.12857143048729217;22;3;0;0;4;1;light;mild
2022-04-06 23:00:00;5860;12.998475609756097;0.1555555581494614;23;3;0;0;4;1;light;mild
2022-04-07 00:00:00;2760;11.982558139534884;0.10000000149011612;0;4;0;0;4;1;light;mild
2022-04-07 01:00:00;1507;11.471875;0.0;1;4;0;0;4;0;no_rain;mild
2022-04-07 02:00:00;803;10.81859756097561;0.0;2;4;0;0;4;0;no_rain;mild
2022-04-07 03:00:00;536;10.567857142857143;0.0;3;4;0;0;4;0;no_rain;mild
2022-04-07 04:00:00;740;10.494791666666666;0.0;4;4;0;0;4;0;no_rain;mild
2022-04-07 05:00:00;1065;10.536458333333334;0.0;5;4;0;0;4;0;no_rain;mild
2022-04-07 06:00:00;3913;10.600694444444445;0.0;6;4;0;0;4;0;no_rain;mild
2022-04-07 07:00:00;16651;10.791015625;0.0;7;4;0;1;4;0;no_rain;mild
2022-04-07 08:00:00;39396;10.982371794871796;0.0;8;4;0;1;4;0;no_rain;mild
2022-04-07 09:00:00;16504;11.459821428571429;0.0;9;4;0;1;4;0;no_rain;mild
2022-04-07 10:00:00;8249;11.971036585365853;0.0;10;4;0;0;4;0;no_rain;mild
2022-04-07 11:00:00;8816;12.290697674418604;0.0;11;4;0;0;4;0;no_rain;mild
2022-04-07 12:00:00;13495;12.914473684210526;0.0;12;4;0;0;4;0;no_rain;mild
2022-04-07 13:00:00;12583;13.458333333333334;0.10000000149011612;13;4;0;0;4;1;light;mild
2022-04-07 14:00:00;9701;13.90798611111111;0.1333333358168602;14;4;0;0;4;1;light;mild
2022-04-07 15:00:00;9399;14.292857142857143;0.12641509622335434;15;4;0;0;4;1;light;mild
2022-04-07 16:00:00;14120;14.43918918918919;0.1414893644445754;16;4;0;0;4;1;light;mild
2022-04-07 17:00:00;24666;13.990808823529411;0.11935484054828843;17;4;0;1;4;1;light;mild
2022-04-07 18:00:00;29797;13.348958333333334;0.10000000149011612;18;4;0;1;4;1;light;mild
2022-04-07 19:00:00;20622;13.071180555555555;0.10000000149011612;19;4;0;1;4;1;light;mild
2022-04-07 20:00:00;11189;12.998355263157896;0.0;20;4;0;0;4;0;no_rain;mild
2022-04-07 21:00:00;6799;13.077302631578947;0.0;21;4;0;0;4;0;no_rain;mild
2022-04-07 22:00:00;7008;13.39102564102564;0.0;22;4;0;0;4;0;no_rain;mild
2022-04-07 23:00:00;6390;13.67013888888889;0.0;23;4;0;0;4;0;no_rain;mild
2022-04-08 00:00:00;3576;13.459558823529411;0.0;0;5;0;0;4;0;no_rain;mild
2022-04-08 01:00:00;2176;13.202205882352942;0.0;1;5;0;0;4;0;no_rain;mild
2022-04-08 02:00:00;1229;12.856060606060606;0.10540540697606834;2;5;0;0;4;1;light;mild
2022-04-08 03:00:00;840;12.369932432432432;0.10000000149011612;3;5;0;0;4;1;light;mild
2022-04-08 04:00:00;817;12.18581081081081;0.10222222374545203;4;5;0;0;4;1;light;mild
2022-04-08 05:00:00;1046;11.967905405405405;0.1064814830681792;5;5;0;0;4;1;light;mild
2022-04-08 06:00:00;2921;11.787162162162161;0.10769230929704812;6;5;0;0;4;1;light;mild
2022-04-08 07:00:00;13306;12.028125;0.10666666825612386;7;5;0;1;4;1;light;mild
2022-04-08 08:00:00;30228;12.394345238095237;0.10000000149011612;8;5;0;1;4;1;light;mild
2022-04-08 09:00:00;14198;13.049342105263158;0.0;9;5;0;1;4;0;no_rain;mild
2022-04-08 10:00:00;8257;14.546875;0.10000000149011612;10;5;0;0;4;1;light;mild
2022-04-08 11:00:00;9377;15.913602941176471;0.0;11;5;0;0;4;0;no_rain;warm
2022-04-08 12:00:00;15013;16.514285714285716;0.0;12;5;0;0;4;0;no_rain;warm
2022-04-08 13:00:00;13340;16.37162162162162;0.0;13;5;0;0;4;0;no_rain;warm
2022-04-08 14:00:00;11429;16.47972972972973;0.0;14;5;0;0;4;0;no_rain;warm
2022-04-08 15:00:00;11810;16.4625;0.0;15;5;0;0;4;0;no_rain;warm
2022-04-08 16:00:00;15820;16.407894736842106;0.12244898187262672;16;5;0;0;4;1;light;warm
2022-04-08 17:00:00;25588;17.8375;0.0;17;5;0;1;4;0;no_rain;warm
2022-04-08 18:00:00;23823;18.18402777777778;0.0;18;5;0;1;4;0;no_rain;warm
2022-04-08 19:00:00;18256;17.86513157894737;0.10000000149011612;19;5;0;1;4;1;light;warm
2022-04-08 20:00:00;11386;17.5609375;0.0;20;5;0;0;4;0;no_rain;warm
2022-04-08 21:00:00;7304;16.85518292682927;0.0;21;5;0;0;4;0;no_rain;warm
2022-04-08 22:00:00;6322;16.05592105263158;0.0;22;5;0;0;4;0;no_rain;warm
2022-04-08 23:00:00;5890;14.97804054054054;0.0;23;5;0;0;4;0;no_rain;mild
2022-04-09 00:00:00;4177;13.634191176470589;0.0;0;6;1;0;4;0;no_rain;mild
2022-04-09 01:00:00;2960;12.671875;0.10000000149011612;1;6;1;0;4;1;light;mild
2022-04-09 02:00:00;2289;10.682432432432432;0.15833333631356558;2;6;1;0;4;1;light;mild
2022-04-09 03:00:00;1908;8.014802631578947;0.0;3;6;1;0;4;0;no_rain;cool
2022-04-09 04:00:00;1206;6.5394736842105265;0.0;4;6;1;0;4;0;no_rain;cool
2022-04-09 05:00:00;795;5.638513513513513;0.10000000149011612;5;6;1;0;4;1;light;cool
2022-04-09 06:00:00;1121;5.0050675675675675;0.10000000149011612;6;6;1;0;4;1;light;cool
2022-04-09 07:00:00;2275;4.741319444444445;0.10000000149011612;7;6;1;1;4;1;light;cold
2022-04-09 08:00:00;5340;4.933928571428571;0.12285714490073067;8;6;1;1;4;1;light;cold
2022-04-09 09:00:00;7510;4.915064102564102;0.12500000199569122;9;6;1;1;4;1;light;cold
2022-04-09 10:00:00;8799;5.764204545454546;0.10000000149011612;10;6;1;0;4;1;light;cool
2022-04-09 11:00:00;10743;7.120639534883721;0.0;11;6;1;0;4;0;no_rain;cool
2022-04-09 12:00:00;11791;8.261217948717949;0.0;12;6;1;0;4;0;no_rain;cool
2022-04-09 13:00:00;11014;9.298076923076923;0.34761905421813327;13;6;1;0;4;1;moderate;cool
2022-04-09 14:00:00;10506;8.198214285714286;0.23243243811098305;14;6;1;0;4;1;moderate;cool
2022-04-09 15:00:00;12408;8.786458333333334;0.20000000298023224;15;6;1;0;4;1;moderate;cool
2022-04-09 16:00:00;14515;9.72972972972973;0.37142857377018246;16;6;1;0;4;1;moderate;cool
2022-04-09 17:00:00;14511;9.023026315789474;0.2500000074505806;17;6;1;1;4;1;moderate;cool
2022-04-09 18:00:00;13781;9.383928571428571;0.0;18;6;1;1;4;0;no_rain;cool
2022-04-09 19:00:00;13111;9.3671875;0.2347826141378154;19;6;1;1;4;1;moderate;cool
2022-04-09 20:00:00;8467;7.8828125;0.16428571779813086;20;6;1;0;4;1;light;cool
2022-04-09 21:00:00;5320;7.105902777777778;0.0;21;6;1;0;4;0;no_rain;cool
2022-04-09 22:00:00;4139;6.680743243243243;0.0;22;6;1;0;4;0;no_rain;cool
2022-04-09 23:00:00;4261;6.322368421052632;0.0;23;6;1;0;4;0;no_rain;cool
2022-04-10 00:00:00;3905;5.872023809523809;0.0;0;7;1;0;4;0;no_rain;cool
2022-04-10 01:00:00;3187;5.3493589743589745;0.0;1;7;1;0;4;0;no_rain;cool
2022-04-10 02:00:00;2211;4.7055921052631575;0.0;2;7;1;0;4;0;no_rain;cold
2022-04-10 03:00:00;1904;4.3733108108108105;0.0;3;7;1;0;4;0;no_rain;cold
2022-04-10 04:00:00;1384;3.9253048780487805;0.0;4;7;1;0;4;0;no_rain;cold
2022-04-10 05:00:00;945;3.3902439024390243;0.0;5;7;1;0;4;0;no_rain;cold
2022-04-10 06:00:00;1118;2.8734375;0.0;6;7;1;0;4;0;no_rain;cold
2022-04-10 07:00:00;1399;3.052325581395349;0.0;7;7;1;1;4;0;no_rain;cold
2022-04-10 08:00:00;3840;3.952777777777778;0.10000000149011612;8;7;1;1;4;1;light;cold
2022-04-10 09:00:00;7392;5.602564102564102;0.0;9;7;1;1;4;0;no_rain;cool
2022-04-10 10:00:00;11723;7.340773809523809;0.0;10;7;1;0;4;0;no_rain;cool
2022-04-10 11:00:00;14833;8.8203125;0.0;11;7;1;0;4;0;no_rain;cool
2022-04-10 12:00:00;15047;10.090625;0.0;12;7;1;0;4;0;no_rain;mild
2022-04-10 13:00:00;12590;11.160472972972974;0.0;13;7;1;0;4;0;no_rain;mild
2022-04-10 14:00:00;15500;12.149038461538462;0.0;14;7;1;0;4;0;no_rain;mild
2022-04-10 15:00:00;19106;12.923986486486486;0.0;15;7;1;0;4;0;no_rain;mild
2022-04-10 16:00:00;20608;13.440705128205128;0.0;16;7;1;0;4;0;no_rain;mild
2022-04-10 17:00:00;19665;13.7640625;0.0;17;7;1;1;4;0;no_rain;mild
2022-04-10 18:00:00;17006;13.841346153846153;0.0;18;7;1;1;4;0;no_rain;mild
2022-04-10 19:00:00;12267;13.630514705882353;0.0;19;7;1;1;4;0;no_rain;mild
2022-04-10 20:00:00;7296;12.865853658536585;0.0;20;7;1;0;4;0;no_rain;mild
2022-04-10 21:00:00;4865;11.702380952380953;0.0;21;7;1;0;4;0;no_rain;mild
2022-04-10 22:00:00;3777;10.5765625;0.0;22;7;1;0;4;0;no_rain;mild
2022-04-10 23:00:00;2511;9.68421052631579;0.0;23;7;1;0;4;0;no_rain;cool
2022-04-11 00:00:00;1344;8.976190476190476;0.0;0;1;0;0;4;0;no_rain;cool
2022-04-11 01:00:00;754;8.1546875;0.0;1;1;0;0;4;0;no_rain;cool
2022-04-11 02:00:00;375;7.347560975609756;0.0;2;1;0;0;4;0;no_rain;cool
2022-04-11 03:00:00;326;6.5016891891891895;0.0;3;1;0;0;4;0;no_rain;cool
2022-04-11 04:00:00;455;6.197916666666667;0.0;4;1;0;0;4;0;no_rain;cool
2022-04-11 05:00:00;1048;6.621621621621622;0.0;5;1;0;0;4;0;no_rain;cool
2022-04-11 06:00:00;3750;7.2311046511627906;0.0;6;1;0;0;4;0;no_rain;cool
2022-04-11 07:00:00;16910;7.970238095238095;0.0;7;1;0;1;4;0;no_rain;cool
2022-04-11 08:00:00;40994;9.413461538461538;0.0;8;1;0;1;4;0;no_rain;cool
2022-04-11 09:00:00;15949;10.94359756097561;0.10000000149011612;9;1;0;1;4;1;light;mild
2022-04-11 10:00:00;7470;12.821428571428571;0.0;10;1;0;0;4;0;no_rain;mild
2022-04-11 11:00:00;8436;14.099085365853659;0.0;11;1;0;0;4;0;no_rain;mild
2022-04-11 12:00:00;12624;14.965625;0.0;12;1;0;0;4;0;no_rain;mild
2022-04-11 13:00:00;12257;15.641891891891891;0.0;13;1;0;0;4;0;no_rain;warm
2022-04-11 14:00:00;8815;16.67105263157895;0.0;14;1;0;0;4;0;no_rain;warm
2022-04-11 15:00:00;9204;16.99013157894737;0.0;15;1;0;0;4;0;no_rain;warm
2022-04-11 16:00:00;15056;17.131410256410255;0.0;16;1;0;0;4;0;no_rain;warm
2022-04-11 17:00:00;28024;17.324404761904763;0.0;17;1;0;1;4;0;no_rain;warm
2022-04-11 18:00:00;34059;16.752906976744185;0.0;18;1;0;1;4;0;no_rain;warm
2022-04-11 19:00:00;22312;16.274390243902438;0.0;19;1;0;1;4;0;no_rain;warm
2022-04-11 20:00:00;11668;15.327302631578947;0.0;20;1;0;0;4;0;no_rain;warm
2022-04-11 21:00:00;6558;14.66722972972973;0.0;21;1;0;0;4;0;no_rain;mild
2022-04-11 22:00:00;5396;14.322635135135135;0.0;22;1;0;0;4;0;no_rain;mild
2022-04-11 23:00:00;3359;13.934294871794872;0.0;23;1;0;0;4;0;no_rain;mild
2022-04-12 00:00:00;1579;13.709935897435898;0.0;0;2;0;0;4;0;no_rain;mild
2022-04-12 01:00:00;790;13.503205128205128;0.0;1;2;0;0;4;0;no_rain;mild
2022-04-12 02:00:00;503;13.138157894736842;0.0;2;2;0;0;4;0;no_rain;mild
2022-04-12 03:00:00;415;12.66385135135135;0.0;3;2;0;0;4;0;no_rain;mild
2022-04-12 04:00:00;504;12.71474358974359;0.0;4;2;0;0;4;0;no_rain;mild
2022-04-12 05:00:00;1106;13.303779069767442;0.0;5;2;0;0;4;0;no_rain;mild
2022-04-12 06:00:00;4030;13.761904761904763;0.0;6;2;0;0;4;0;no_rain;mild
2022-04-12 07:00:00;18614;13.95673076923077;0.0;7;2;0;1;4;0;no_rain;mild
2022-04-12 08:00:00;43321;14.430921052631579;0.0;8;2;0;1;4;0;no_rain;mild
2022-04-12 09:00:00;17658;15.177884615384615;0.0;9;2;0;1;4;0;no_rain;warm
2022-04-12 10:00:00;8650;15.954166666666667;0.0;10;2;0;0;4;0;no_rain;warm
2022-04-12 11:00:00;9681;16.68092105263158;0.0;11;2;0;0;4;0;no_rain;warm
2022-04-12 12:00:00;14280;17.633928571428573;0.0;12;2;0;0;4;0;no_rain;warm
2022-04-12 13:00:00;13670;18.14695945945946;0.0;13;2;0;0;4;0;no_rain;warm
2022-04-12 14:00:00;10615;19.01121794871795;0.0;14;2;0;0;4;0;no_rain;warm
2022-04-12 15:00:00;11080;19.834302325581394;0.0;15;2;0;0;4;0;no_rain;warm
2022-04-12 16:00:00;16613;20.190406976744185;0.0;16;2;0;0;4;0;no_rain;hot
2022-04-12 17:00:00;31584;19.77761627906977;0.0;17;2;0;1;4;0;no_rain;warm
2022-04-12 18:00:00;37534;18.952743902439025;0.0;18;2;0;1;4;0;no_rain;warm
2022-04-12 19:00:00;26209;18.053571428571427;0.0;19;2;0;1;4;0;no_rain;warm
2022-04-12 20:00:00;13158;17.564285714285713;0.0;20;2;0;0;4;0;no_rain;warm
2022-04-12 21:00:00;7788;16.873355263157894;0.0;21;2;0;0;4;0;no_rain;warm
2022-04-12 22:00:00;6941;16.4046875;0.0;22;2;0;0;4;0;no_rain;warm
2022-04-12 23:00:00;5346;16.10518292682927;0.0;23;2;0;0;4;0;no_rain;warm
2022-04-13 00:00:00;2730;15.751644736842104;0.0;0;3;0;0;4;0;no_rain;warm
2022-04-13 01:00:00;1409;15.238486842105264;0.0;1;3;0;0;4;0;no_rain;warm
2022-04-13 02:00:00;673;14.987847222222221;0.0;2;3;0;0;4;0;no_rain;mild
2022-04-13 03:00:00;551;14.2625;0.0;3;3;0;0;4;0;no_rain;mild
2022-04-13 04:00:00;628;13.654829545454545;0.0;4;3;0;0;4;0;no_rain;mild
2022-04-13 05:00:00;1228;12.912234042553191;0.0;5;3;0;0;4;0;no_rain;mild
2022-04-13 06:00:00;4060;12.246875;0.0;6;3;0;0;4;0;no_rain;mild
2022-04-13 07:00:00;17019;11.72203947368421;0.0;7;3;0;1;4;0;no_rain;mild
2022-04-13 08:00:00;37480;12.045608108108109;0.0;8;3;0;1;4;0;no_rain;mild
2022-04-13 09:00:00;17782;12.690625;0.0;9;3;0;1;4;0;no_rain;mild
2022-04-13 10:00:00;9527;13.604651162790697;0.0;10;3;0;0;4;0;no_rain;mild
2022-04-13 11:00:00;10386;14.832317073170731;0.0;11;3;0;0;4;0;no_rain;mild
2022-04-13 12:00:00;16770;16.28782894736842;0.0;12;3;0;0;4;0;no_rain;warm
2022-04-13 13:00:00;15401;17.982371794871796;0.0;13;3;0;0;4;0;no_rain;warm
2022-04-13 14:00:00;13135;19.192307692307693;0.0;14;3;0;0;4;0;no_rain;warm
2022-04-13 15:00:00;14147;20.240625;0.0;15;3;0;0;4;0;no_rain;hot
2022-04-13 16:00:00;18079;21.072635135135137;0.0;16;3;0;0;4;0;no_rain;hot
2022-04-13 17:00:00;30483;21.01858108108108;0.0;17;3;0;1;4;0;no_rain;hot
2022-04-13 18:00:00;36071;20.330592105263158;0.0;18;3;0;1;4;0;no_rain;hot
2022-04-13 19:00:00;27235;19.342105263157894;0.0;19;3;0;1;4;0;no_rain;warm
2022-04-13 20:00:00;14839;18.16875;0.0;20;3;0;0;4;0;no_rain;warm
2022-04-13 21:00:00;8874;17.102564102564102;0.0;21;3;0;0;4;0;no_rain;warm
2022-04-13 22:00:00;8725;16.004934210526315;0.0;22;3;0;0;4;0;no_rain;warm
2022-04-13 23:00:00;7309;15.25328947368421;0.0;23;3;0;0;4;0;no_rain;warm
2022-04-14 00:00:00;3845;14.597972972972974;0.0;0;4;0;0;4;0;no_rain;mild
2022-04-14 01:00:00;1873;14.126602564102564;0.0;1;4;0;0;4;0;no_rain;mild
2022-04-14 02:00:00;983;13.791666666666666;0.0;2;4;0;0;4;0;no_rain;mild
2022-04-14 03:00:00;666;13.512820512820513;0.0;3;4;0;0;4;0;no_rain;mild
2022-04-14 04:00:00;855;13.708333333333334;0.0;4;4;0;0;4;0;no_rain;mild
2022-04-14 05:00:00;1137;13.602134146341463;0.0;5;4;0;0;4;0;no_rain;mild
2022-04-14 06:00:00;4190;13.328947368421053;0.0;6;4;0;0;4;0;no_rain;mild
2022-04-14 07:00:00;18607;13.022865853658537;0.0;7;4;0;1;4;0;no_rain;mild
2022-04-14 08:00:00;44073;13.685975609756097;0.0;8;4;0;1;4;0;no_rain;mild
2022-04-14 09:00:00;18551;15.129807692307692;0.0;9;4;0;1;4;0;no_rain;warm
2022-04-14 10:00:00;9646;16.104166666666668;0.0;10;4;0;0;4;0;no_rain;warm
2022-04-14 11:00:00;10623;17.5625;0.0;11;4;0;0;4;0;no_rain;warm
2022-04-14 12:00:00;16378;19.099431818181817;0.0;12;4;0;0;4;0;no_rain;warm
2022-04-14 13:00:00;16205;20.0625;0.0;13;4;0;0;4;0;no_rain;hot
2022-04-14 14:00:00;13106;20.884146341463413;0.0;14;4;0;0;4;0;no_rain;hot
2022-04-14 15:00:00;13334;21.4578125;0.0;15;4;0;0;4;0;no_rain;hot
2022-04-14 16:00:00;18487;21.89864864864865;0.0;16;4;0;0;4;0;no_rain;hot
2022-04-14 17:00:00;32159;21.81597222222222;0.0;17;4;0;1;4;0;no_rain;hot
2022-04-14 18:00:00;40227;21.58388157894737;0.0;18;4;0;1;4;0;no_rain;hot
2022-04-14 19:00:00;28349;20.951923076923077;0.0;19;4;0;1;4;0;no_rain;hot
2022-04-14 20:00:00;15962;20.03044871794872;0.0;20;4;0;0;4;0;no_rain;hot
2022-04-14 21:00:00;9276;19.03298611111111;0.0;21;4;0;0;4;0;no_rain;warm
2022-04-14 22:00:00;8712;18.16826923076923;0.0;22;4;0;0;4;0;no_rain;warm
2022-04-14 23:00:00;8423;17.528125;0.0;23;4;0;0;4;0;no_rain;warm
2022-04-15 00:00:00;5137;16.85855263157895;0.0;0;5;0;0;4;0;no_rain;warm
2022-04-15 01:00:00;2723;16.39527027027027;0.0;1;5;0;0;4;0;no_rain;warm
2022-04-15 02:00:00;1425;15.911458333333334;0.0;2;5;0;0;4;0;no_rain;warm
2022-04-15 03:00:00;1119;15.560855263157896;0.0;3;5;0;0;4;0;no_rain;warm
2022-04-15 04:00:00;973;15.184451219512194;0.0;4;5;0;0;4;0;no_rain;warm
2022-04-15 05:00:00;1344;14.780448717948717;0.0;5;5;0;0;4;0;no_rain;mild
2022-04-15 06:00:00;3924;14.321646341463415;0.0;6;5;0;0;4;0;no_rain;mild
2022-04-15 07:00:00;15504;14.165697674418604;0.0;7;5;0;1;4;0;no_rain;mild
2022-04-15 08:00:00;32306;14.707446808510639;0.0;8;5;0;1;4;0;no_rain;mild
2022-04-15 09:00:00;16281;15.84672619047619;0.0;9;5;0;1;4;0;no_rain;warm
2022-04-15 10:00:00;10214;17.075320512820515;0.0;10;5;0;0;4;0;no_rain;warm
2022-04-15 11:00:00;11991;18.55592105263158;0.0;11;5;0;0;4;0;no_rain;warm
2022-04-15 12:00:00;18054;20.054054054054053;0.0;12;5;0;0;4;0;no_rain;hot
2022-04-15 13:00:00;16746;21.17534722222222;0.0;13;5;0;0;4;0;no_rain;hot
2022-04-15 14:00:00;14809;21.92361111111111;0.0;14;5;0;0;4;0;no_rain;hot
2022-04-15 15:00:00;15332;22.428819444444443;0.0;15;5;0;0;4;0;no_rain;hot
2022-04-15 16:00:00;21796;22.606907894736842;0.0;16;5;0;0;4;0;no_rain;hot
2022-04-15 17:00:00;30888;22.66282894736842;0.0;17;5;0;1;4;0;no_rain;hot
2022-04-15 18:00:00;29033;22.359375;0.0;18;5;0;1;4;0;no_rain;hot
2022-04-15 19:00:00;21666;21.701785714285716;0.0;19;5;0;1;4;0;no_rain;hot
2022-04-15 20:00:00;13224;20.68198529411765;0.0;20;5;0;0;4;0;no_rain;hot
2022-04-15 21:00:00;9159;19.64695945945946;0.0;21;5;0;0;4;0;no_rain;warm
2022-04-15 22:00:00;7606;18.925;0.0;22;5;0;0;4;0;no_rain;warm
2022-04-15 23:00:00;7606;18.042763157894736;0.0;23;5;0;0;4;0;no_rain;warm
2022-04-16 00:00:00;4880;17.24662162162162;0.0;0;6;1;0;4;0;no_rain;warm
2022-04-16 01:00:00;3638;16.7;0.0;1;6;1;0;4;0;no_rain;warm
2022-04-16 02:00:00;2340;16.13715277777778;0.0;2;6;1;0;4;0;no_rain;warm
2022-04-16 03:00:00;2027;15.717905405405405;0.0;3;6;1;0;4;0;no_rain;warm
2022-04-16 04:00:00;1588;15.1796875;0.0;4;6;1;0;4;0;no_rain;warm
2022-04-16 05:00:00;1283;14.705792682926829;0.0;5;6;1;0;4;0;no_rain;mild
2022-04-16 06:00:00;1680;14.131410256410257;0.0;6;6;1;0;4;0;no_rain;mild
2022-04-16 07:00:00;2528;13.68125;0.0;7;6;1;1;4;0;no_rain;mild
2022-04-16 08:00:00;5910;13.95673076923077;0.0;8;6;1;1;4;0;no_rain;mild
2022-04-16 09:00:00;9242;14.583333333333334;0.0;9;6;1;1;4;0;no_rain;mild
2022-04-16 10:00:00;11250;15.64527027027027;0.0;10;6;1;0;4;0;no_rain;warm
2022-04-16 11:00:00;12456;17.368243243243242;0.0;11;6;1;0;4;0;no_rain;warm
2022-04-16 12:00:00;13228;19.36948529411765;0.0;12;6;1;0;4;0;no_rain;warm
2022-04-16 13:00:00;11428;20.649305555555557;0.0;13;6;1;0;4;0;no_rain;hot
2022-04-16 14:00:00;12880;20.921474358974358;0.0;14;6;1;0;4;0;no_rain;hot
2022-04-16 15:00:00;15213;21.20394736842105;0.0;15;6;1;0;4;0;no_rain;hot
2022-04-16 16:00:00;17076;21.25328947368421;0.0;16;6;1;0;4;0;no_rain;hot
2022-04-16 17:00:00;16659;20.927083333333332;0.0;17;6;1;1;4;0;no_rain;hot
2022-04-16 18:00:00;15627;20.419407894736842;0.0;18;6;1;1;4;0;no_rain;hot
2022-04-16 19:00:00;12784;19.52467105263158;0.0;19;6;1;1;4;0;no_rain;warm
2022-04-16 20:00:00;8414;18.21283783783784;0.0;20;6;1;0;4;0;no_rain;warm
2022-04-16 21:00:00;5454;17.022569444444443;0.0;21;6;1;0;4;0;no_rain;warm
2022-04-16 22:00:00;4071;15.988970588235293;0.0;22;6;1;0;4;0;no_rain;warm
2022-04-16 23:00:00;3937;14.864583333333334;0.0;23;6;1;0;4;0;no_rain;mild
2022-04-17 00:00:00;3603;13.850328947368421;0.0;0;7;1;0;4;0;no_rain;mild
2022-04-17 01:00:00;2610;13.00328947368421;0.0;1;7;1;0;4;0;no_rain;mild
2022-04-17 02:00:00;1805;12.19078947368421;0.0;2;7;1;0;4;0;no_rain;mild
2022-04-17 03:00:00;1380;11.234756097560975;0.0;3;7;1;0;4;0;no_rain;mild
2022-04-17 04:00:00;1017;10.423780487804878;0.0;4;7;1;0;4;0;no_rain;mild
2022-04-17 05:00:00;1093;9.663461538461538;0.0;5;7;1;0;4;0;no_rain;cool
2022-04-17 06:00:00;1093;9.06423611111111;0.0;6;7;1;0;4;0;no_rain;cool
2022-04-17 07:00:00;1561;8.829044117647058;0.0;7;7;1;1;4;0;no_rain;cool
2022-04-17 08:00:00;3660;9.585227272727273;0.0;8;7;1;1;4;0;no_rain;cool
2022-04-17 09:00:00;6053;10.279605263157896;0.0;9;7;1;1;4;0;no_rain;mild
2022-04-17 10:00:00;8557;11.389423076923077;0.0;10;7;1;0;4;0;no_rain;mild
2022-04-17 11:00:00;10691;12.612804878048781;0.0;11;7;1;0;4;0;no_rain;mild
2022-04-17 12:00:00;11667;13.934375;0.0;12;7;1;0;4;0;no_rain;mild
2022-04-17 13:00:00;9500;15.190340909090908;0.0;13;7;1;0;4;0;no_rain;warm
2022-04-17 14:00:00;10511;16.277439024390244;0.0;14;7;1;0;4;0;no_rain;warm
2022-04-17 15:00:00;13873;17.26278409090909;0.0;15;7;1;0;4;0;no_rain;warm
2022-04-17 16:00:00;15438;17.971875;0.0;16;7;1;0;4;0;no_rain;warm
2022-04-17 17:00:00;14929;18.594594594594593;0.0;17;7;1;1;4;0;no_rain;warm
2022-04-17 18:00:00;13995;18.738970588235293;0.0;18;7;1;1;4;0;no_rain;warm
2022-04-17 19:00:00;11912;18.55902777777778;0.0;19;7;1;1;4;0;no_rain;warm
2022-04-17 20:00:00;8307;17.684294871794872;0.0;20;7;1;0;4;0;no_rain;warm
2022-04-17 21:00:00;5300;16.4828125;0.0;21;7;1;0;4;0;no_rain;warm
2022-04-17 22:00:00;4088;15.33974358974359;0.0;22;7;1;0;4;0;no_rain;warm
2022-04-17 23:00:00;3082;14.51602564102564;0.0;23;7;1;0;4;0;no_rain;mild
2022-04-18 00:00:00;2272;13.5609375;0.0;0;1;0;0;4;0;no_rain;mild
2022-04-18 01:00:00;1495;12.60304054054054;0.0;1;1;0;0;4;0;no_rain;mild
2022-04-18 02:00:00;814;11.560897435897436;0.0;2;1;0;0;4;0;no_rain;mild
2022-04-18 03:00:00;745;10.6921875;0.0;3;1;0;0;4;0;no_rain;mild
2022-04-18 04:00:00;878;9.966216216216216;0.0;4;1;0;0;4;0;no_rain;cool
2022-04-18 05:00:00;823;9.10472972972973;0.0;5;1;0;0;4;0;no_rain;cool
2022-04-18 06:00:00;1271;8.401315789473685;0.0;6;1;0;0;4;0;no_rain;cool
2022-04-18 07:00:00;2941;8.1328125;0.0;7;1;0;1;4;0;no_rain;cool
2022-04-18 08:00:00;7419;9.5875;0.0;8;1;0;1;4;0;no_rain;cool
2022-04-18 09:00:00;6919;11.23982558139535;0.0;9;1;0;1;4;0;no_rain;mild
2022-04-18 10:00:00;8785;12.748670212765957;0.0;10;1;0;0;4;0;no_rain;mild
2022-04-18 11:00:00;10492;14.480182926829269;0.0;11;1;0;0;4;0;no_rain;mild
2022-04-18 12:00:00;11256;16.455592105263158;0.0;12;1;0;0;4;0;no_rain;warm
2022-04-18 13:00:00;9626;17.833333333333332;0.0;13;1;0;0;4;0;no_rain;warm
2022-04-18 14:00:00;11793;18.945723684210527;0.0;14;1;0;0;4;0;no_rain;warm
2022-04-18 15:00:00;14018;19.58159722222222;0.0;15;1;0;0;4;0;no_rain;warm
2022-04-18 16:00:00;15486;20.010714285714286;0.0;16;1;0;0;4;0;no_rain;hot
2022-04-18 17:00:00;17084;20.099358974358974;0.0;17;1;0;1;4;0;no_rain;hot
2022-04-18 18:00:00;17386;19.875;0.0;18;1;0;1;4;0;no_rain;warm
2022-04-18 19:00:00;13340;19.22142857142857;0.0;19;1;0;1;4;0;no_rain;warm
2022-04-18 20:00:00;8195;18.054054054054053;0.0;20;1;0;0;4;0;no_rain;warm
2022-04-18 21:00:00;5858;16.71114864864865;0.0;21;1;0;0;4;0;no_rain;warm
2022-04-18 22:00:00;4380;15.711890243902438;0.0;22;1;0;0;4;0;no_rain;warm
2022-04-18 23:00:00;2920;14.650641025641026;0.0;23;1;0;0;4;0;no_rain;mild
2022-04-19 00:00:00;1481;13.746621621621621;0.0;0;2;0;0;4;0;no_rain;mild
2022-04-19 01:00:00;815;13.088815789473685;0.0;1;2;0;0;4;0;no_rain;mild
2022-04-19 02:00:00;404;12.379934210526315;0.0;2;2;0;0;4;0;no_rain;mild
2022-04-19 03:00:00;375;11.930147058823529;0.0;3;2;0;0;4;0;no_rain;mild
2022-04-19 04:00:00;495;11.088235294117647;0.0;4;2;0;0;4;0;no_rain;mild
2022-04-19 05:00:00;1261;10.657196969696969;0.0;5;2;0;0;4;0;no_rain;mild
2022-04-19 06:00:00;3885;10.022569444444445;0.0;6;2;0;0;4;0;no_rain;mild
2022-04-19 07:00:00;13878;9.9046875;0.0;7;2;0;1;4;0;no_rain;cool
2022-04-19 08:00:00;35172;10.732142857142858;0.0;8;2;0;1;4;0;no_rain;mild
2022-04-19 09:00:00;15561;12.674107142857142;0.0;9;2;0;1;4;0;no_rain;mild
2022-04-19 10:00:00;8550;14.852134146341463;0.0;10;2;0;0;4;0;no_rain;mild
2022-04-19 11:00:00;9258;16.68581081081081;0.0;11;2;0;0;4;0;no_rain;warm
2022-04-19 12:00:00;13165;18.261513157894736;0.0;12;2;0;0;4;0;no_rain;warm
2022-04-19 13:00:00;12370;19.419407894736842;0.0;13;2;0;0;4;0;no_rain;warm
2022-04-19 14:00:00;11858;20.116776315789473;0.0;14;2;0;0;4;0;no_rain;hot
2022-04-19 15:00:00;12750;20.49013157894737;0.0;15;2;0;0;4;0;no_rain;hot
2022-04-19 16:00:00;16477;20.564144736842106;0.0;16;2;0;0;4;0;no_rain;hot
2022-04-19 17:00:00;29166;20.5703125;0.0;17;2;0;1;4;0;no_rain;hot
2022-04-19 18:00:00;34817;20.298780487804876;0.0;18;2;0;1;4;0;no_rain;hot
2022-04-19 19:00:00;24135;19.666158536585368;0.0;19;2;0;1;4;0;no_rain;warm
2022-04-19 20:00:00;12663;18.521875;0.0;20;2;0;0;4;0;no_rain;warm
2022-04-19 21:00:00;7319;17.20731707317073;0.0;21;2;0;0;4;0;no_rain;warm
2022-04-19 22:00:00;6730;16.0625;0.0;22;2;0;0;4;0;no_rain;warm
2022-04-19 23:00:00;4601;15.168402777777779;0.0;23;2;0;0;4;0;no_rain;warm
2022-04-20 00:00:00;2422;14.262152777777779;0.0;0;3;0;0;4;0;no_rain;mild
2022-04-20 01:00:00;1181;13.75328947368421;0.0;1;3;0;0;4;0;no_rain;mild
2022-04-20 02:00:00;675;13.256944444444445;0.0;2;3;0;0;4;0;no_rain;mild
2022-04-20 03:00:00;418;12.794642857142858;0.0;3;3;0;0;4;0;no_rain;mild
2022-04-20 04:00:00;613;12.180743243243244;0.0;4;3;0;0;4;0;no_rain;mild
2022-04-20 05:00:00;1119;11.569078947368421;0.0;5;3;0;0;4;0;no_rain;mild
2022-04-20 06:00:00;3710;10.890202702702704;0.0;6;3;0;0;4;0;no_rain;mild
2022-04-20 07:00:00;14009;10.8953125;0.0;7;3;0;1;4;0;no_rain;mild
2022-04-20 08:00:00;33505;11.21577380952381;0.0;8;3;0;1;4;0;no_rain;mild
2022-04-20 09:00:00;15868;12.209935897435898;0.0;9;3;0;1;4;0;no_rain;mild
2022-04-20 10:00:00;8770;13.967905405405405;0.0;10;3;0;0;4;0;no_rain;mild
2022-04-20 11:00:00;9700;15.998475609756097;0.0;11;3;0;0;4;0;no_rain;warm
2022-04-20 12:00:00;14209;17.626602564102566;0.0;12;3;0;0;4;0;no_rain;warm
2022-04-20 13:00:00;13055;18.764423076923077;0.0;13;3;0;0;4;0;no_rain;warm
2022-04-20 14:00:00;11991;19.64695945945946;0.0;14;3;0;0;4;0;no_rain;warm
2022-04-20 15:00:00;12738;20.24013157894737;0.0;15;3;0;0;4;0;no_rain;hot
2022-04-20 16:00:00;16073;19.805743243243242;0.0;16;3;0;0;4;0;no_rain;warm
2022-04-20 17:00:00;27628;18.939144736842106;0.0;17;3;0;1;4;0;no_rain;warm
2022-04-20 18:00:00;30960;18.4484375;0.0;18;3;0;1;4;0;no_rain;warm
2022-04-20 19:00:00;21441;18.0390625;0.0;19;3;0;1;4;0;no_rain;warm
2022-04-20 20:00:00;11936;17.564102564102566;0.0;20;3;0;0;4;0;no_rain;warm
2022-04-20 21:00:00;6863;16.916666666666668;0.0;21;3;0;0;4;0;no_rain;warm
2022-04-20 22:00:00;6564;16.032894736842106;0.0;22;3;0;0;4;0;no_rain;warm
2022-04-20 23:00:00;5632;15.206597222222221;0.0;23;3;0;0;4;0;no_rain;warm
2022-04-21 00:00:00;3329;14.609797297297296;0.0;0;4;0;0;4;0;no_rain;mild
2022-04-21 01:00:00;1606;14.233108108108109;0.0;1;4;0;0;4;0;no_rain;mild
2022-04-21 02:00:00;791;13.87668918918919;0.0;2;4;0;0;4;0;no_rain;mild
2022-04-21 03:00:00;591;13.521341463414634;0.10000000149011612;3;4;0;0;4;1;light;mild
2022-04-21 04:00:00;630;13.181547619047619;0.10000000149011612;4;4;0;0;4;1;light;mild
2022-04-21 05:00:00;1153;12.90548780487805;0.10000000149011612;5;4;0;0;4;1;light;mild
2022-04-21 06:00:00;3625;12.568910256410257;0.10000000149011612;6;4;0;0;4;1;light;mild
2022-04-21 07:00:00;13029;12.488095238095237;0.0;7;4;0;1;4;0;no_rain;mild
2022-04-21 08:00:00;34198;12.738372093023257;0.0;8;4;0;1;4;0;no_rain;mild
2022-04-21 09:00:00;16402;13.182926829268293;0.0;9;4;0;1;4;0;no_rain;mild
2022-04-21 10:00:00;8117;14.514423076923077;0.0;10;4;0;0;4;0;no_rain;mild
2022-04-21 11:00:00;9435;16.0640625;0.0;11;4;0;0;4;0;no_rain;warm
2022-04-21 12:00:00;13422;17.286184210526315;0.0;12;4;0;0;4;0;no_rain;warm
2022-04-21 13:00:00;12603;18.22635135135135;0.0;13;4;0;0;4;0;no_rain;warm
2022-04-21 14:00:00;12169;19.0472972972973;0.0;14;4;0;0;4;0;no_rain;warm
2022-04-21 15:00:00;12209;19.9640625;0.0;15;4;0;0;4;0;no_rain;warm
2022-04-21 16:00:00;16055;20.411858974358974;0.0;16;4;0;0;4;0;no_rain;hot
2022-04-21 17:00:00;27640;20.201923076923077;0.0;17;4;0;1;4;0;no_rain;hot
2022-04-21 18:00:00;34247;19.835365853658537;0.0;18;4;0;1;4;0;no_rain;warm
2022-04-21 19:00:00;25672;19.2109375;0.0;19;4;0;1;4;0;no_rain;warm
2022-04-21 20:00:00;13865;18.326013513513512;0.0;20;4;0;0;4;0;no_rain;warm
2022-04-21 21:00:00;8554;17.169642857142858;0.0;21;4;0;0;4;0;no_rain;warm
2022-04-21 22:00:00;8514;16.294407894736842;0.0;22;4;0;0;4;0;no_rain;warm
2022-04-21 23:00:00;7584;15.528846153846153;0.0;23;4;0;0;4;0;no_rain;warm
2022-04-22 00:00:00;4375;14.75;0.0;0;5;0;0;4;0;no_rain;mild
2022-04-22 01:00:00;2686;14.0484375;0.0;1;5;0;0;4;0;no_rain;mild
2022-04-22 02:00:00;1193;13.469551282051283;0.0;2;5;0;0;4;0;no_rain;mild
2022-04-22 03:00:00;903;12.847222222222221;0.0;3;5;0;0;4;0;no_rain;mild
2022-04-22 04:00:00;905;12.183928571428572;0.0;4;5;0;0;4;0;no_rain;mild
2022-04-22 05:00:00;1290;11.509868421052632;0.0;5;5;0;0;4;0;no_rain;mild
2022-04-22 06:00:00;3398;10.91025641025641;0.0;6;5;0;0;4;0;no_rain;mild
2022-04-22 07:00:00;10705;10.487179487179487;0.0;7;5;0;1;4;0;no_rain;mild
2022-04-22 08:00:00;27410;10.953125;0.0;8;5;0;1;4;0;no_rain;mild
2022-04-22 09:00:00;14665;12.166158536585366;0.0;9;5;0;1;4;0;no_rain;mild
2022-04-22 10:00:00;9460;13.167613636363637;0.0;10;5;0;0;4;0;no_rain;mild
2022-04-22 11:00:00;10457;14.724085365853659;0.0;11;5;0;0;4;0;no_rain;mild
2022-04-22 12:00:00;15330;16.525914634146343;0.0;12;5;0;0;4;0;no_rain;warm
2022-04-22 13:00:00;13490;17.49861111111111;0.0;13;5;0;0;4;0;no_rain;warm
2022-04-22 14:00:00;13558;18.64329268292683;0.0;14;5;0;0;4;0;no_rain;warm
2022-04-22 15:00:00;13941;19.807926829268293;0.0;15;5;0;0;4;0;no_rain;warm
2022-04-22 16:00:00;19198;20.4921875;0.0;16;5;0;0;4;0;no_rain;hot
2022-04-22 17:00:00;27157;20.771802325581394;0.0;17;5;0;1;4;0;no_rain;hot
2022-04-22 18:00:00;28056;20.754464285714285;0.0;18;5;0;1;4;0;no_rain;hot
2022-04-22 19:00:00;22473;20.455128205128204;0.0;19;5;0;1;4;0;no_rain;hot
2022-04-22 20:00:00;13682;19.667763157894736;0.0;20;5;0;0;4;0;no_rain;warm
2022-04-22 21:00:00;8413;18.648214285714285;0.0;21;5;0;0;4;0;no_rain;warm
2022-04-22 22:00:00;7162;18.05640243902439;0.0;22;5;0;0;4;0;no_rain;warm
2022-04-22 23:00:00;7183;17.477564102564102;0.0;23;5;0;0;4;0;no_rain;warm
2022-04-23 00:00:00;5749;16.711890243902438;0.0;0;6;1;0;4;0;no_rain;warm
2022-04-23 01:00:00;3647;15.614583333333334;0.0;1;6;1;0;4;0;no_rain;warm
2022-04-23 02:00:00;2240;15.2875;0.0;2;6;1;0;4;0;no_rain;warm
2022-04-23 03:00:00;1904;14.964285714285714;0.0;3;6;1;0;4;0;no_rain;mild
2022-04-23 04:00:00;1556;14.960714285714285;0.0;4;6;1;0;4;0;no_rain;mild
2022-04-23 05:00:00;1132;14.784722222222221;0.0;5;6;1;0;4;0;no_rain;mild
2022-04-23 06:00:00;1335;14.524305555555555;0.0;6;6;1;0;4;0;no_rain;mild
2022-04-23 07:00:00;2127;14.144736842105264;0.0;7;6;1;1;4;0;no_rain;mild
2022-04-23 08:00:00;5211;14.299342105263158;0.0;8;6;1;1;4;0;no_rain;mild
2022-04-23 09:00:00;8461;15.572368421052632;0.10000000149011612;9;6;1;1;4;1;light;warm
2022-04-23 10:00:00;10137;16.5046875;0.10000000149011612;10;6;1;0;4;1;light;warm
2022-04-23 11:00:00;10802;16.35625;0.10000000149011612;11;6;1;0;4;1;light;warm
2022-04-23 12:00:00;9844;15.994791666666666;0.10000000149011612;12;6;1;0;4;1;light;warm
2022-04-23 13:00:00;8265;16.394642857142856;0.10000000149011612;13;6;1;0;4;1;light;warm
2022-04-23 14:00:00;8570;16.8125;0.0;14;6;1;0;4;0;no_rain;warm
2022-04-23 15:00:00;9607;16.876838235294116;0.1285714310194765;15;6;1;0;4;1;light;warm
2022-04-23 16:00:00;9329;16.92628205128205;0.0;16;6;1;0;4;0;no_rain;warm
2022-04-23 17:00:00;8158;16.245535714285715;0.31962617263894216;17;6;1;1;4;1;moderate;warm
2022-04-23 18:00:00;5181;13.2640625;0.4156363691254096;18;6;1;1;4;1;moderate;mild
2022-04-23 19:00:00;6216;11.067434210526315;0.23050847902136334;19;6;1;1;4;1;moderate;mild
2022-04-23 20:00:00;5330;10.655448717948717;0.15000000347693762;20;6;1;0;4;1;light;mild
2022-04-23 21:00:00;3748;10.4734375;0.0;21;6;1;0;4;0;no_rain;mild
2022-04-23 22:00:00;3279;10.251644736842104;0.0;22;6;1;0;4;0;no_rain;mild
2022-04-23 23:00:00;3485;9.692434210526315;0.0;23;6;1;0;4;0;no_rain;cool
2022-04-24 00:00:00;2932;9.27027027027027;0.0;0;7;1;0;4;0;no_rain;cool
2022-04-24 01:00:00;2134;9.163602941176471;0.0;1;7;1;0;4;0;no_rain;cool
2022-04-24 02:00:00;1944;9.087121212121213;0.0;2;7;1;0;4;0;no_rain;cool
2022-04-24 03:00:00;1964;8.85;0.0;3;7;1;0;4;0;no_rain;cool
2022-04-24 04:00:00;1343;8.65625;0.0;4;7;1;0;4;0;no_rain;cool
2022-04-24 05:00:00;895;8.364583333333334;0.0;5;7;1;0;4;0;no_rain;cool
2022-04-24 06:00:00;838;8.428571428571429;0.0;6;7;1;0;4;0;no_rain;cool
2022-04-24 07:00:00;1176;8.6125;0.0;7;7;1;1;4;0;no_rain;cool
2022-04-24 08:00:00;3296;9.137867647058824;0.0;8;7;1;1;4;0;no_rain;cool
2022-04-24 09:00:00;5588;10.123214285714285;0.0;9;7;1;1;4;0;no_rain;mild
2022-04-24 10:00:00;8942;11.810855263157896;0.0;10;7;1;0;4;0;no_rain;mild
2022-04-24 11:00:00;11555;13.240131578947368;0.0;11;7;1;0;4;0;no_rain;mild
2022-04-24 12:00:00;11870;14.255067567567568;0.0;12;7;1;0;4;0;no_rain;mild
2022-04-24 13:00:00;9046;15.064102564102564;0.0;13;7;1;0;4;0;no_rain;warm
2022-04-24 14:00:00;10484;15.822916666666666;0.0;14;7;1;0;4;0;no_rain;warm
2022-04-24 15:00:00;12962;16.591346153846153;0.0;15;7;1;0;4;0;no_rain;warm
2022-04-24 16:00:00;13666;16.688858695652176;0.0;16;7;1;0;4;0;no_rain;warm
2022-04-24 17:00:00;12202;16.305851063829788;0.0;17;7;1;1;4;0;no_rain;warm
2022-04-24 18:00:00;10847;16.023809523809526;0.10000000149011612;18;7;1;1;4;1;light;warm
2022-04-24 19:00:00;9060;15.424679487179487;0.2522727318785407;19;7;1;1;4;1;moderate;warm
2022-04-24 20:00:00;4565;14.066071428571428;0.2512562859747278;20;7;1;0;4;1;moderate;mild
2022-04-24 21:00:00;2863;13.11111111111111;0.2724696412260233;21;7;1;0;4;1;moderate;mild
2022-04-24 22:00:00;2379;12.663602941176471;0.2190476239888699;22;7;1;0;4;1;moderate;mild
2022-04-24 23:00:00;1838;12.517857142857142;0.12913386030929294;23;7;1;0;4;1;light;mild
2022-04-25 00:00:00;1009;12.3125;0.15774648174853392;0;1;0;0;4;1;light;mild
2022-04-25 01:00:00;621;12.205592105263158;0.1481481514595173;1;1;0;0;4;1;light;mild
2022-04-25 02:00:00;333;12.11875;0.12580645372790675;2;1;0;0;4;1;light;mild
2022-04-25 03:00:00;268;12.077743902439025;0.10000000149011612;3;1;0;0;4;1;light;mild
2022-04-25 04:00:00;477;11.990853658536585;0.0;4;1;0;0;4;0;no_rain;mild
2022-04-25 05:00:00;977;11.967948717948717;0.0;5;1;0;0;4;0;no_rain;mild
2022-04-25 06:00:00;2954;12.026041666666666;0.0;6;1;0;0;4;0;no_rain;mild
2022-04-25 07:00:00;10407;12.02195945945946;0.0;7;1;0;1;4;0;no_rain;mild
2022-04-25 08:00:00;28146;12.085069444444445;0.0;8;1;0;1;4;0;no_rain;mild
2022-04-25 09:00:00;12124;12.432142857142857;0.0;9;1;0;1;4;0;no_rain;mild
2022-04-25 10:00:00;6336;12.8046875;0.0;10;1;0;0;4;0;no_rain;mild
2022-04-25 11:00:00;6763;13.356707317073171;0.0;11;1;0;0;4;0;no_rain;mild
2022-04-25 12:00:00;9958;13.572368421052632;0.0;12;1;0;0;4;0;no_rain;mild
2022-04-25 13:00:00;9059;13.914244186046512;0.10000000149011612;13;1;0;0;4;1;light;mild
2022-04-25 14:00:00;7744;14.402616279069768;0.10000000149011612;14;1;0;0;4;1;light;mild
2022-04-25 15:00:00;7972;15.037828947368421;0.10000000149011612;15;1;0;0;4;1;light;warm
2022-04-25 16:00:00;11872;15.621951219512194;0.0;16;1;0;0;4;0;no_rain;warm
2022-04-25 17:00:00;23111;16.100694444444443;0.0;17;1;0;1;4;0;no_rain;warm
2022-04-25 18:00:00;28466;16.03472222222222;0.0;18;1;0;1;4;0;no_rain;warm
2022-04-25 19:00:00;19277;15.612847222222221;0.7692307686576476;19;1;0;1;4;1;heavy;warm
2022-04-25 20:00:00;10203;14.949652777777779;0.3333333367481828;20;1;0;0;4;1;moderate;mild
2022-04-25 21:00:00;5584;14.216911764705882;0.19375000428408384;21;1;0;0;4;1;light;mild
2022-04-25 22:00:00;4427;13.31423611111111;0.38444444636503855;22;1;0;0;4;1;moderate;mild
2022-04-25 23:00:00;2925;12.77951388888889;0.21351351629237872;23;1;0;0;4;1;moderate;mild
2022-04-26 00:00:00;1646;12.408928571428572;0.1744186069036639;0;2;0;0;4;1;light;mild
2022-04-26 01:00:00;782;12.291666666666666;0.11666666840513547;1;2;0;0;4;1;light;mild
2022-04-26 02:00:00;437;12.115625;0.0;2;2;0;0;4;0;no_rain;mild
2022-04-26 03:00:00;419;11.6078125;0.0;3;2;0;0;4;0;no_rain;mild
2022-04-26 04:00:00;579;11.27027027027027;0.0;4;2;0;0;4;0;no_rain;mild
2022-04-26 05:00:00;1020;11.075757575757576;0.0;5;2;0;0;4;0;no_rain;mild
2022-04-26 06:00:00;3913;10.95;0.0;6;2;0;0;4;0;no_rain;mild
2022-04-26 07:00:00;14002;11.0625;0.0;7;2;0;1;4;0;no_rain;mild
2022-04-26 08:00:00;35478;11.49671052631579;0.0;8;2;0;1;4;0;no_rain;mild
2022-04-26 09:00:00;15365;12.296875;0.0;9;2;0;1;4;0;no_rain;mild
2022-04-26 10:00:00;8104;13.68576388888889;0.0;10;2;0;0;4;0;no_rain;mild
2022-04-26 11:00:00;7743;14.539634146341463;0.0;11;2;0;0;4;0;no_rain;mild
2022-04-26 12:00:00;12578;15.583333333333334;0.0;12;2;0;0;4;0;no_rain;warm
2022-04-26 13:00:00;11897;16.3734375;0.0;13;2;0;0;4;0;no_rain;warm
2022-04-26 14:00:00;10540;17.0859375;0.0;14;2;0;0;4;0;no_rain;warm
2022-04-26 15:00:00;11069;17.598684210526315;0.0;15;2;0;0;4;0;no_rain;warm
2022-04-26 16:00:00;15629;17.98310810810811;0.0;16;2;0;0;4;0;no_rain;warm
2022-04-26 17:00:00;28462;17.95659722222222;0.0;17;2;0;1;4;0;no_rain;warm
2022-04-26 18:00:00;36668;17.857421875;0.0;18;2;0;1;4;0;no_rain;warm
2022-04-26 19:00:00;25261;17.367424242424242;0.0;19;2;0;1;4;0;no_rain;warm
2022-04-26 20:00:00;14003;16.457720588235293;0.0;20;2;0;0;4;0;no_rain;warm
2022-04-26 21:00:00;7921;15.2875;0.0;21;2;0;0;4;0;no_rain;warm
2022-04-26 22:00:00;6936;14.148214285714285;0.0;22;2;0;0;4;0;no_rain;mild
2022-04-26 23:00:00;5859;13.175;0.0;23;2;0;0;4;0;no_rain;mild
2022-04-27 00:00:00;2774;12.445723684210526;0.0;0;3;0;0;4;0;no_rain;mild
2022-04-27 01:00:00;1386;11.849662162162161;0.0;1;3;0;0;4;0;no_rain;mild
2022-04-27 02:00:00;577;11.202380952380953;0.0;2;3;0;0;4;0;no_rain;mild
2022-04-27 03:00:00;533;10.738175675675675;0.0;3;3;0;0;4;0;no_rain;mild
2022-04-27 04:00:00;671;10.109375;0.0;4;3;0;0;4;0;no_rain;mild
2022-04-27 05:00:00;1098;9.391544117647058;0.0;5;3;0;0;4;0;no_rain;cool
2022-04-27 06:00:00;3820;8.93923611111111;0.0;6;3;0;0;4;0;no_rain;cool
2022-04-27 07:00:00;14101;9.02195945945946;0.0;7;3;0;1;4;0;no_rain;cool
2022-04-27 08:00:00;34718;9.657094594594595;0.0;8;3;0;1;4;0;no_rain;cool
2022-04-27 09:00:00;16496;10.743055555555555;0.0;9;3;0;1;4;0;no_rain;mild
2022-04-27 10:00:00;9259;12.18581081081081;0.0;10;3;0;0;4;0;no_rain;mild
2022-04-27 11:00:00;10162;13.955592105263158;0.0;11;3;0;0;4;0;no_rain;mild
2022-04-27 12:00:00;14383;15.5421875;0.0;12;3;0;0;4;0;no_rain;warm
2022-04-27 13:00:00;13451;16.72470238095238;0.0;13;3;0;0;4;0;no_rain;warm
2022-04-27 14:00:00;13344;17.94736842105263;0.0;14;3;0;0;4;0;no_rain;warm
2022-04-27 15:00:00;13668;18.708928571428572;0.0;15;3;0;0;4;0;no_rain;warm
2022-04-27 16:00:00;18147;19.329545454545453;0.0;16;3;0;0;4;0;no_rain;warm
2022-04-27 17:00:00;30418;19.77857142857143;0.0;17;3;0;1;4;0;no_rain;warm
2022-04-27 18:00:00;37651;19.796875;0.0;18;3;0;1;4;0;no_rain;warm
2022-04-27 19:00:00;27382;19.27027027027027;0.0;19;3;0;1;4;0;no_rain;warm
2022-04-27 20:00:00;15248;18.27389705882353;0.0;20;3;0;0;4;0;no_rain;warm
2022-04-27 21:00:00;8612;16.928308823529413;0.0;21;3;0;0;4;0;no_rain;warm
2022-04-27 22:00:00;7947;15.935714285714285;0.0;22;3;0;0;4;0;no_rain;warm
2022-04-27 23:00:00;7038;15.053571428571429;0.0;23;3;0;0;4;0;no_rain;warm
2022-04-28 00:00:00;3699;14.24375;0.0;0;4;0;0;4;0;no_rain;mild
2022-04-28 01:00:00;1909;13.3453125;0.0;1;4;0;0;4;0;no_rain;mild
2022-04-28 02:00:00;835;12.537162162162161;0.0;2;4;0;0;4;0;no_rain;mild
2022-04-28 03:00:00;757;11.808928571428572;0.0;3;4;0;0;4;0;no_rain;mild
2022-04-28 04:00:00;725;11.180555555555555;0.0;4;4;0;0;4;0;no_rain;mild
2022-04-28 05:00:00;1204;10.638157894736842;0.0;5;4;0;0;4;0;no_rain;mild
2022-04-28 06:00:00;3855;9.991319444444445;0.0;6;4;0;0;4;0;no_rain;cool
2022-04-28 07:00:00;13818;10.046875;0.0;7;4;0;1;4;0;no_rain;mild
2022-04-28 08:00:00;36403;11.135714285714286;0.0;8;4;0;1;4;0;no_rain;mild
2022-04-28 09:00:00;17437;12.685714285714285;0.0;9;4;0;1;4;0;no_rain;mild
2022-04-28 10:00:00;9219;14.266891891891891;0.0;10;4;0;0;4;0;no_rain;mild
2022-04-28 11:00:00;10178;16.245192307692307;0.0;11;4;0;0;4;0;no_rain;warm
2022-04-28 12:00:00;15013;17.940548780487806;0.0;12;4;0;0;4;0;no_rain;warm
2022-04-28 13:00:00;13394;19.520833333333332;0.0;13;4;0;0;4;0;no_rain;warm
2022-04-28 14:00:00;12978;20.743055555555557;0.0;14;4;0;0;4;0;no_rain;hot
2022-04-28 15:00:00;13635;21.55743243243243;0.0;15;4;0;0;4;0;no_rain;hot
2022-04-28 16:00:00;17906;22.23090277777778;0.0;16;4;0;0;4;0;no_rain;hot
2022-04-28 17:00:00;31392;22.446428571428573;0.0;17;4;0;1;4;0;no_rain;hot
2022-04-28 18:00:00;37306;22.355357142857144;0.0;18;4;0;1;4;0;no_rain;hot
2022-04-28 19:00:00;28389;21.705882352941178;0.0;19;4;0;1;4;0;no_rain;hot
2022-04-28 20:00:00;15720;20.480357142857144;0.0;20;4;0;0;4;0;no_rain;hot
2022-04-28 21:00:00;9493;19.243055555555557;0.0;21;4;0;0;4;0;no_rain;warm
2022-04-28 22:00:00;9376;18.354166666666668;0.0;22;4;0;0;4;0;no_rain;warm
2022-04-28 23:00:00;8179;17.357142857142858;0.0;23;4;0;0;4;0;no_rain;warm
2022-04-29 00:00:00;5058;16.642628205128204;0.0;0;5;0;0;4;0;no_rain;warm
2022-04-29 01:00:00;3049;15.79375;0.0;1;5;0;0;4;0;no_rain;warm
2022-04-29 02:00:00;1274;14.940878378378379;0.0;2;5;0;0;4;0;no_rain;mild
2022-04-29 03:00:00;1145;14.095588235294118;0.0;3;5;0;0;4;0;no_rain;mild
2022-04-29 04:00:00;1066;13.25;0.0;4;5;0;0;4;0;no_rain;mild
2022-04-29 05:00:00;1282;12.297794117647058;0.0;5;5;0;0;4;0;no_rain;mild
2022-04-29 06:00:00;3400;11.602272727272727;0.0;6;5;0;0;4;0;no_rain;mild
2022-04-29 07:00:00;11362;11.782196969696969;0.0;7;5;0;1;4;0;no_rain;mild
2022-04-29 08:00:00;27963;12.99810606060606;0.0;8;5;0;1;4;0;no_rain;mild
2022-04-29 09:00:00;15020;14.125;0.0;9;5;0;1;4;0;no_rain;mild
2022-04-29 10:00:00;9318;15.3125;0.0;10;5;0;0;4;0;no_rain;warm
2022-04-29 11:00:00;11136;17.397435897435898;0.0;11;5;0;0;4;0;no_rain;warm
2022-04-29 12:00:00;16190;19.108231707317074;0.0;12;5;0;0;4;0;no_rain;warm
2022-04-29 13:00:00;13059;20.470238095238095;0.0;13;5;0;0;4;0;no_rain;hot
2022-04-29 14:00:00;13463;21.37202380952381;0.0;14;5;0;0;4;0;no_rain;hot
2022-04-29 15:00:00;14072;21.4875;0.0;15;5;0;0;4;0;no_rain;hot
2022-04-29 16:00:00;18864;21.56076388888889;0.0;16;5;0;0;4;0;no_rain;hot
2022-04-29 17:00:00;27081;21.05592105263158;0.0;17;5;0;1;4;0;no_rain;hot
2022-04-29 18:00:00;26493;20.19097222222222;0.0;18;5;0;1;4;0;no_rain;hot
2022-04-29 19:00:00;16833;17.948214285714286;0.16363636607473547;19;5;0;1;4;1;light;warm
2022-04-29 20:00:00;9262;15.448529411764707;0.10000000149011612;20;5;0;0;4;1;light;warm
2022-04-29 21:00:00;6438;15.166666666666666;0.0;21;5;0;0;4;0;no_rain;warm
2022-04-29 22:00:00;5750;14.994642857142857;0.0;22;5;0;0;4;0;no_rain;mild
2022-04-29 23:00:00;5655;14.5;0.0;23;5;0;0;4;0;no_rain;mild
